[{"model": "admin_interface.theme", "pk": 1, "fields": {"name": "Django", "active": true, "title": "Django administration", "title_color": "#F5DD5D", "title_visible": true, "logo": "", "logo_color": "#FFFFFF", "logo_max_width": 400, "logo_max_height": 100, "logo_visible": true, "favicon": "", "env_name": "", "env_color": "#E74C3C", "env_visible_in_header": true, "env_visible_in_favicon": true, "language_chooser_active": true, "language_chooser_control": "default-select", "language_chooser_display": "code", "css_header_background_color": "#0C4B33", "css_header_text_color": "#44B78B", "css_header_link_color": "#FFFFFF", "css_header_link_hover_color": "#C9F0DD", "css_module_background_color": "#44B78B", "css_module_background_selected_color": "#FFFFCC", "css_module_text_color": "#FFFFFF", "css_module_link_color": "#FFFFFF", "css_module_link_selected_color": "#FFFFFF", "css_module_link_hover_color": "#C9F0DD", "css_module_rounded_corners": true, "css_generic_link_color": "#0C3C26", "css_generic_link_hover_color": "#156641", "css_generic_link_active_color": "#29B864", "css_save_button_background_color": "#0C4B33", "css_save_button_background_hover_color": "#0C3C26", "css_save_button_text_color": "#FFFFFF", "css_delete_button_background_color": "#BA2121", "css_delete_button_background_hover_color": "#A41515", "css_delete_button_text_color": "#FFFFFF", "related_modal_active": true, "related_modal_background_color": "#000000", "related_modal_background_opacity": "0.3", "related_modal_rounded_corners": true, "related_modal_close_button_visible": true, "list_filter_highlight": true, "list_filter_dropdown": true, "list_filter_sticky": true, "list_filter_removal_links": false, "foldable_apps": true, "show_fieldsets_as_tabs": false, "show_inlines_as_tabs": false, "collapsible_stacked_inlines": false, "collapsible_stacked_inlines_collapsed": true, "collapsible_tabular_inlines": false, "collapsible_tabular_inlines_collapsed": true, "recent_actions_visible": true, "form_submit_sticky": false, "form_pagination_sticky": false}}, {"model": "sessions.session", "pk": "04xajtjjnm3s52dzsk00q7xrd9j5q480", "fields": {"session_data": ".eJxVjMEKwyAQRP_FcxHjmjX22Hu-Iey6UtMWhZicSv-9CeTQngbmvZm3mmhb87S1tEyzqKsCdfntmOIzlQPIg8q96ljLusysD0WftOmxSnrdTvfvIFPL-zo58ILE3LO3fg80xiI7Iw6MiYMQMSaMPETLwWFgACD0FjB0se_U5wvnujeL:1tslXu:jFfa-CG40OPq4tZxPAY6Ksoj6GqPSLLfqt_4AokJY_0", "expire_date": "2025-03-27T16:36:34.210Z"}}, {"model": "sessions.session", "pk": "1qnkdguuli53gmiv29relnxtahd5ixtm", "fields": {"session_data": ".eJxVjMEOwiAQRP-FsyFQkK4evfcbyMIuUjWQlPZk_Hdp0oPeJvPezFt43Nbst8aLn0lchRan3y5gfHLZAT2w3KuMtazLHOSuyIM2OVXi1-1w_w4yttzXgG5wgGZkUoExWABMw6gAtE0mgLows3MYmbpoE6HpkaIygc_aRPH5AvkDOPA:1tsVwN:_84vj2qoQaT-XAwHBJRWxYAFZqw5wXLPis-ZFNtxH_0", "expire_date": "2025-03-26T23:56:47.754Z"}}, {"model": "sessions.session", "pk": "4rcok4d5609m9nxswrbl0igsnt0ajmi3", "fields": {"session_data": ".eJxVjMEKwyAQRP_FcxHjmjX22Hu-Iey6UtMWhZicSv-9CeTQngbmvZm3mmhb87S1tEyzqKsCdfntmOIzlQPIg8q96ljLusysD0WftOmxSnrdTvfvIFPL-zo58ILE3LO3fg80xiI7Iw6MiYMQMSaMPETLwWFgACD0FjB0se_U5wvnujeL:1tsWhj:X5rXCSIqGDabbE993fPsXZOpb5_osj8DZM4ilEyFBTg", "expire_date": "2025-03-27T00:45:43.077Z"}}, {"model": "sessions.session", "pk": "v3p3hgzqxru1gxh6r83dt6sbc8l6mo9f", "fields": {"session_data": ".eJxVjDsOwjAQBe_iGlnxxt4llPQ5Q-TPLg4gW4qTCnF3iJQC2jcz76Umv6152hov05zURVl1-t2Cjw8uO0h3X25Vx1rWZQ56V_RBmx5r4uf1cP8Osm_5W5MEEebhDBasEYd9JGSKDlyy0RrfswwEYBCtASOEXXLOSUcogkHU-wPiHTeN:1tsXVt:PxJc7T78fqtNYN7VDSc5kXWYSM3Hg_iLstPgwjkNpu8", "expire_date": "2025-03-27T01:37:33.462Z"}}, {"model": "sessions.session", "pk": "yvha53563kp50d7hc2kkatnl14w88rx4", "fields": {"session_data": ".eJxVjDsOwjAQBe_iGlnxxt4llPQ5Q-TPLg4gW4qTCnF3iJQC2jcz76Umv6152hov05zURVl1-t2Cjw8uO0h3X25Vx1rWZQ56V_RBmx5r4uf1cP8Osm_5W5MEEebhDBasEYd9JGSKDlyy0RrfswwEYBCtASOEXXLOSUcogkHU-wPiHTeN:1tskzK:8vKd2iTDxlvQQQN2rLNeR5c0MsvMchvjxPGIq5r_Lz8", "expire_date": "2025-03-27T16:00:50.015Z"}}, {"model": "web.historicaldepartment", "pk": 1, "fields": {"id": 8, "created": "2025-03-12T16:40:27.359Z", "updated": "2025-03-12T16:40:27.359Z", "is_active": true, "name": "aaa", "creator": null, "history_date": "2025-03-12T16:40:27.369Z", "history_change_reason": null, "history_type": "+", "history_user": null}}, {"model": "web.historicaldepartment", "pk": 2, "fields": {"id": 8, "created": "2025-03-12T16:40:27.359Z", "updated": "2025-03-12T17:30:34.179Z", "is_active": false, "name": "aaa", "creator": null, "history_date": "2025-03-12T17:30:34.188Z", "history_change_reason": null, "history_type": "~", "history_user": null}}, {"model": "web.historicaldepartment", "pk": 3, "fields": {"id": 8, "created": "2025-03-12T16:40:27.359Z", "updated": "2025-03-12T17:33:03.842Z", "is_active": false, "name": "aaa", "creator": null, "history_date": "2025-03-12T17:33:03.853Z", "history_change_reason": null, "history_type": "~", "history_user": null}}, {"model": "web.historicaldepartment", "pk": 4, "fields": {"id": 7, "created": "2025-03-12T16:40:12.355Z", "updated": "2025-03-12T17:34:45.989Z", "is_active": false, "name": "aaa", "creator": null, "history_date": "2025-03-12T17:34:45.994Z", "history_change_reason": null, "history_type": "~", "history_user": null}}, {"model": "web.historicaldepartment", "pk": 5, "fields": {"id": 6, "created": "2025-03-11T17:45:08.241Z", "updated": "2025-03-12T17:36:03.855Z", "is_active": false, "name": "CE", "creator": null, "history_date": "2025-03-12T17:36:03.864Z", "history_change_reason": null, "history_type": "~", "history_user": null}}, {"model": "web.historicaldepartment", "pk": 6, "fields": {"id": 9, "created": "2025-03-12T17:36:10.954Z", "updated": "2025-03-12T17:36:10.954Z", "is_active": true, "name": "CE", "creator": null, "history_date": "2025-03-12T17:36:10.958Z", "history_change_reason": null, "history_type": "+", "history_user": null}}, {"model": "web.historicaldepartment", "pk": 7, "fields": {"id": 10, "created": "2025-03-12T17:52:18.127Z", "updated": "2025-03-12T17:52:18.127Z", "is_active": true, "name": "aa", "creator": null, "history_date": "2025-03-12T17:52:18.138Z", "history_change_reason": null, "history_type": "+", "history_user": null}}, {"model": "web.historicaldepartment", "pk": 8, "fields": {"id": 11, "created": "2025-03-12T17:52:28.546Z", "updated": "2025-03-12T17:52:28.546Z", "is_active": true, "name": "a", "creator": null, "history_date": "2025-03-12T17:52:28.549Z", "history_change_reason": null, "history_type": "+", "history_user": null}}, {"model": "web.historicaldepartment", "pk": 9, "fields": {"id": 12, "created": "2025-03-12T17:52:43.378Z", "updated": "2025-03-12T17:52:43.378Z", "is_active": true, "name": "a", "creator": null, "history_date": "2025-03-12T17:52:43.382Z", "history_change_reason": null, "history_type": "+", "history_user": null}}, {"model": "web.historicaldepartment", "pk": 10, "fields": {"id": 13, "created": "2025-03-12T17:53:13.469Z", "updated": "2025-03-12T17:53:13.469Z", "is_active": true, "name": "c", "creator": null, "history_date": "2025-03-12T17:53:13.473Z", "history_change_reason": null, "history_type": "+", "history_user": null}}, {"model": "web.historicaldepartment", "pk": 11, "fields": {"id": 14, "created": "2025-03-12T17:53:25.723Z", "updated": "2025-03-12T17:53:25.723Z", "is_active": true, "name": "ss", "creator": null, "history_date": "2025-03-12T17:53:25.728Z", "history_change_reason": null, "history_type": "+", "history_user": null}}, {"model": "web.historicaldepartment", "pk": 12, "fields": {"id": 13, "created": "2025-03-12T17:53:13.469Z", "updated": "2025-03-12T18:14:05.940Z", "is_active": true, "name": "dfdfdfd", "creator": null, "history_date": "2025-03-12T18:14:05.950Z", "history_change_reason": null, "history_type": "~", "history_user": null}}, {"model": "web.historicaldepartment", "pk": 13, "fields": {"id": 13, "created": "2025-03-12T17:53:13.469Z", "updated": "2025-03-12T18:16:08.068Z", "is_active": true, "name": "smsms", "creator": null, "history_date": "2025-03-12T18:16:08.078Z", "history_change_reason": null, "history_type": "~", "history_user": null}}, {"model": "web.historicaldepartment", "pk": 14, "fields": {"id": 13, "created": "2025-03-12T17:53:13.469Z", "updated": "2025-03-12T18:16:23.754Z", "is_active": true, "name": "smsml", "creator": null, "history_date": "2025-03-12T18:16:23.762Z", "history_change_reason": null, "history_type": "~", "history_user": null}}, {"model": "web.department", "pk": 1, "fields": {"created": "2025-03-11T17:36:46.939Z", "updated": "2025-03-11T17:43:49.453Z", "creator": null, "is_active": true, "name": "CES"}}, {"model": "web.department", "pk": 2, "fields": {"created": "2025-03-11T17:44:33.133Z", "updated": "2025-03-11T17:44:33.133Z", "creator": null, "is_active": true, "name": "ECE"}}, {"model": "web.department", "pk": 3, "fields": {"created": "2025-03-11T17:44:39.010Z", "updated": "2025-03-11T17:44:39.010Z", "creator": null, "is_active": true, "name": "EEE"}}, {"model": "web.department", "pk": 4, "fields": {"created": "2025-03-11T17:44:49.128Z", "updated": "2025-03-11T17:44:49.128Z", "creator": null, "is_active": true, "name": "MCT"}}, {"model": "web.department", "pk": 5, "fields": {"created": "2025-03-11T17:45:00.920Z", "updated": "2025-03-11T17:45:00.921Z", "creator": null, "is_active": true, "name": "CHE"}}, {"model": "web.department", "pk": 6, "fields": {"created": "2025-03-11T17:45:08.241Z", "updated": "2025-03-12T17:36:03.855Z", "creator": null, "is_active": false, "name": "CE"}}, {"model": "web.department", "pk": 7, "fields": {"created": "2025-03-12T16:40:12.355Z", "updated": "2025-03-12T17:34:45.989Z", "creator": null, "is_active": false, "name": "aaa"}}, {"model": "web.department", "pk": 8, "fields": {"created": "2025-03-12T16:40:27.359Z", "updated": "2025-03-12T17:33:03.842Z", "creator": null, "is_active": false, "name": "aaa"}}, {"model": "web.department", "pk": 9, "fields": {"created": "2025-03-12T17:36:10.954Z", "updated": "2025-03-12T17:36:10.954Z", "creator": null, "is_active": true, "name": "CE"}}, {"model": "web.department", "pk": 10, "fields": {"created": "2025-03-12T17:52:18.127Z", "updated": "2025-03-12T17:52:18.127Z", "creator": null, "is_active": true, "name": "aa"}}, {"model": "web.department", "pk": 11, "fields": {"created": "2025-03-12T17:52:28.546Z", "updated": "2025-03-12T17:52:28.546Z", "creator": null, "is_active": true, "name": "a"}}, {"model": "web.department", "pk": 12, "fields": {"created": "2025-03-12T17:52:43.378Z", "updated": "2025-03-12T17:52:43.378Z", "creator": null, "is_active": true, "name": "a"}}, {"model": "web.department", "pk": 13, "fields": {"created": "2025-03-12T17:53:13.469Z", "updated": "2025-03-12T18:16:23.754Z", "creator": null, "is_active": true, "name": "smsml"}}, {"model": "web.department", "pk": 14, "fields": {"created": "2025-03-12T17:53:25.723Z", "updated": "2025-03-12T17:53:25.723Z", "creator": null, "is_active": true, "name": "ss"}}, {"model": "web.historicalsemester", "pk": 1, "fields": {"id": 9, "created": "2025-03-12T18:27:37.279Z", "updated": "2025-03-12T18:27:37.279Z", "is_active": true, "name": "sssss", "creator": null, "department": null, "history_date": "2025-03-12T18:27:37.289Z", "history_change_reason": null, "history_type": "+", "history_user": null}}, {"model": "web.historicalsemester", "pk": 2, "fields": {"id": 9, "created": "2025-03-12T18:27:37.279Z", "updated": "2025-03-12T18:32:15.842Z", "is_active": true, "name": "sssss44", "creator": null, "department": null, "history_date": "2025-03-12T18:32:15.845Z", "history_change_reason": null, "history_type": "~", "history_user": null}}, {"model": "web.historicalsemester", "pk": 3, "fields": {"id": 9, "created": "2025-03-12T18:27:37.279Z", "updated": "2025-03-12T18:32:18.793Z", "is_active": false, "name": "sssss44", "creator": null, "department": null, "history_date": "2025-03-12T18:32:18.797Z", "history_change_reason": null, "history_type": "~", "history_user": null}}, {"model": "web.historicalsemester", "pk": 4, "fields": {"id": 1, "created": "2025-03-12T13:25:59.399Z", "updated": "2025-03-12T23:57:22.488Z", "is_active": true, "name": "S1", "creator": null, "department": 5, "history_date": "2025-03-12T23:57:22.489Z", "history_change_reason": null, "history_type": "~", "history_user": null}}, {"model": "web.historicalsemester", "pk": 5, "fields": {"id": 1, "created": "2025-03-12T13:25:59.399Z", "updated": "2025-03-12T23:57:50.145Z", "is_active": true, "name": "S1", "creator": null, "department": 1, "history_date": "2025-03-12T23:57:50.145Z", "history_change_reason": null, "history_type": "~", "history_user": null}}, {"model": "web.historicalsemester", "pk": 6, "fields": {"id": 10, "created": "2025-03-13T00:08:59.857Z", "updated": "2025-03-13T00:08:59.857Z", "is_active": true, "name": "s9", "creator": null, "department": 1, "history_date": "2025-03-13T00:08:59.860Z", "history_change_reason": null, "history_type": "+", "history_user": null}}, {"model": "web.historicalsemester", "pk": 7, "fields": {"id": 10, "created": "2025-03-13T00:08:59.857Z", "updated": "2025-03-13T00:09:05.153Z", "is_active": false, "name": "s9", "creator": null, "department": 1, "history_date": "2025-03-13T00:09:05.161Z", "history_change_reason": null, "history_type": "~", "history_user": null}}, {"model": "web.historicalsemester", "pk": 8, "fields": {"id": 8, "created": "2025-03-12T13:26:41.067Z", "updated": "2025-03-13T00:09:12.716Z", "is_active": true, "name": "S(", "creator": null, "department": 1, "history_date": "2025-03-13T00:09:12.724Z", "history_change_reason": null, "history_type": "~", "history_user": null}}, {"model": "web.historicalsemester", "pk": 9, "fields": {"id": 8, "created": "2025-03-12T13:26:41.067Z", "updated": "2025-03-13T00:09:17.575Z", "is_active": true, "name": "S(", "creator": null, "department": 1, "history_date": "2025-03-13T00:09:17.579Z", "history_change_reason": null, "history_type": "~", "history_user": null}}, {"model": "web.historicalsemester", "pk": 10, "fields": {"id": 8, "created": "2025-03-12T13:26:41.067Z", "updated": "2025-03-13T00:09:24.045Z", "is_active": true, "name": "S9", "creator": null, "department": 1, "history_date": "2025-03-13T00:09:24.047Z", "history_change_reason": null, "history_type": "~", "history_user": null}}, {"model": "web.historicalsemester", "pk": 11, "fields": {"id": 11, "created": "2025-03-13T00:11:50.924Z", "updated": "2025-03-13T00:11:50.924Z", "is_active": true, "name": "S1", "creator": null, "department": 3, "history_date": "2025-03-13T00:11:50.924Z", "history_change_reason": null, "history_type": "+", "history_user": null}}, {"model": "web.historicalsemester", "pk": 12, "fields": {"id": 11, "created": "2025-03-13T00:11:50.924Z", "updated": "2025-03-13T00:12:07.784Z", "is_active": true, "name": "S1", "creator": null, "department": 7, "history_date": "2025-03-13T00:12:07.785Z", "history_change_reason": null, "history_type": "~", "history_user": null}}, {"model": "web.historicalsemester", "pk": 13, "fields": {"id": 11, "created": "2025-03-13T00:11:50.924Z", "updated": "2025-03-13T00:15:13.323Z", "is_active": true, "name": "S1", "creator": null, "department": 10, "history_date": "2025-03-13T00:15:13.324Z", "history_change_reason": null, "history_type": "~", "history_user": null}}, {"model": "web.historicalsemester", "pk": 14, "fields": {"id": 12, "created": "2025-03-13T16:14:37.418Z", "updated": "2025-03-13T16:14:37.418Z", "is_active": true, "name": "boot", "creator": null, "department": 3, "history_date": "2025-03-13T16:14:37.660Z", "history_change_reason": null, "history_type": "+", "history_user": null}}, {"model": "web.historicalsemester", "pk": 15, "fields": {"id": 12, "created": "2025-03-13T16:14:37.418Z", "updated": "2025-03-13T16:15:35.299Z", "is_active": false, "name": "boot", "creator": null, "department": 3, "history_date": "2025-03-13T16:15:35.502Z", "history_change_reason": null, "history_type": "~", "history_user": null}}, {"model": "web.semester", "pk": 1, "fields": {"created": "2025-03-12T13:25:59.399Z", "updated": "2025-03-12T23:57:50.145Z", "creator": null, "is_active": true, "department": 1, "name": "S1"}}, {"model": "web.semester", "pk": 2, "fields": {"created": "2025-03-12T13:26:03.272Z", "updated": "2025-03-12T13:26:03.272Z", "creator": null, "is_active": true, "department": 1, "name": "S2"}}, {"model": "web.semester", "pk": 3, "fields": {"created": "2025-03-12T13:26:06.487Z", "updated": "2025-03-12T13:26:06.487Z", "creator": null, "is_active": true, "department": 1, "name": "S3"}}, {"model": "web.semester", "pk": 4, "fields": {"created": "2025-03-12T13:26:09.841Z", "updated": "2025-03-12T13:26:09.841Z", "creator": null, "is_active": true, "department": 1, "name": "S4"}}, {"model": "web.semester", "pk": 5, "fields": {"created": "2025-03-12T13:26:13.753Z", "updated": "2025-03-12T13:26:13.753Z", "creator": null, "is_active": true, "department": 1, "name": "S5"}}, {"model": "web.semester", "pk": 6, "fields": {"created": "2025-03-12T13:26:30.510Z", "updated": "2025-03-12T13:26:30.510Z", "creator": null, "is_active": true, "department": 1, "name": "S6"}}, {"model": "web.semester", "pk": 7, "fields": {"created": "2025-03-12T13:26:33.766Z", "updated": "2025-03-12T13:26:33.767Z", "creator": null, "is_active": true, "department": 1, "name": "S7"}}, {"model": "web.semester", "pk": 8, "fields": {"created": "2025-03-12T13:26:41.067Z", "updated": "2025-03-13T00:09:24.045Z", "creator": null, "is_active": true, "department": 1, "name": "S9"}}, {"model": "web.semester", "pk": 9, "fields": {"created": "2025-03-12T18:27:37.279Z", "updated": "2025-03-12T18:32:18.793Z", "creator": null, "is_active": false, "department": 1, "name": "sssss44"}}, {"model": "web.semester", "pk": 10, "fields": {"created": "2025-03-13T00:08:59.857Z", "updated": "2025-03-13T00:09:05.153Z", "creator": null, "is_active": false, "department": 1, "name": "s9"}}, {"model": "web.semester", "pk": 11, "fields": {"created": "2025-03-13T00:11:50.924Z", "updated": "2025-03-13T00:15:13.323Z", "creator": null, "is_active": true, "department": 10, "name": "S1"}}, {"model": "web.semester", "pk": 12, "fields": {"created": "2025-03-13T16:14:37.418Z", "updated": "2025-03-13T16:15:35.299Z", "creator": null, "is_active": false, "department": 3, "name": "boot"}}, {"model": "web.historicalsubject", "pk": 1, "fields": {"id": 1, "created": "2025-03-12T13:49:11.514Z", "updated": "2025-03-13T00:08:44.552Z", "is_active": true, "name": "Test Sub-1", "creator": null, "department": 1, "semester": 1, "history_date": "2025-03-13T00:08:44.553Z", "history_change_reason": null, "history_type": "~", "history_user": null}}, {"model": "web.historicalsubject", "pk": 2, "fields": {"id": 3, "created": "2025-03-13T00:23:03.552Z", "updated": "2025-03-13T00:23:03.552Z", "is_active": true, "name": "asas", "creator": null, "department": 1, "semester": 1, "history_date": "2025-03-13T00:23:03.554Z", "history_change_reason": null, "history_type": "+", "history_user": null}}, {"model": "web.historicalsubject", "pk": 3, "fields": {"id": 4, "created": "2025-03-13T00:23:22.858Z", "updated": "2025-03-13T00:23:22.858Z", "is_active": true, "name": "asas", "creator": null, "department": 1, "semester": 1, "history_date": "2025-03-13T00:23:22.860Z", "history_change_reason": null, "history_type": "+", "history_user": null}}, {"model": "web.historicalsubject", "pk": 4, "fields": {"id": 4, "created": "2025-03-13T00:23:22.858Z", "updated": "2025-03-13T00:35:16.867Z", "is_active": true, "name": "asassasasssss", "creator": null, "department": 1, "semester": 1, "history_date": "2025-03-13T00:35:16.869Z", "history_change_reason": null, "history_type": "~", "history_user": null}}, {"model": "web.historicalsubject", "pk": 5, "fields": {"id": 4, "created": "2025-03-13T00:23:22.858Z", "updated": "2025-03-13T00:35:47.761Z", "is_active": true, "name": "asassasasssss", "creator": null, "department": 1, "semester": 1, "history_date": "2025-03-13T00:35:47.764Z", "history_change_reason": null, "history_type": "~", "history_user": null}}, {"model": "web.historicalsubject", "pk": 6, "fields": {"id": 4, "created": "2025-03-13T00:23:22.858Z", "updated": "2025-03-13T00:35:49.808Z", "is_active": true, "name": "asassasasssss", "creator": null, "department": 1, "semester": 1, "history_date": "2025-03-13T00:35:49.816Z", "history_change_reason": null, "history_type": "~", "history_user": null}}, {"model": "web.historicalsubject", "pk": 7, "fields": {"id": 4, "created": "2025-03-13T00:23:22.858Z", "updated": "2025-03-13T00:37:41.674Z", "is_active": true, "name": "asassasasssss", "creator": null, "department": 1, "semester": 1, "history_date": "2025-03-13T00:37:41.683Z", "history_change_reason": null, "history_type": "~", "history_user": null}}, {"model": "web.historicalsubject", "pk": 8, "fields": {"id": 4, "created": "2025-03-13T00:23:22.858Z", "updated": "2025-03-13T00:37:47.655Z", "is_active": false, "name": "asassasasssss", "creator": null, "department": 1, "semester": 1, "history_date": "2025-03-13T00:37:47.658Z", "history_change_reason": null, "history_type": "~", "history_user": null}}, {"model": "web.historicalsubject", "pk": 9, "fields": {"id": 3, "created": "2025-03-13T00:23:03.552Z", "updated": "2025-03-13T00:37:53.126Z", "is_active": false, "name": "asas", "creator": null, "department": 1, "semester": 1, "history_date": "2025-03-13T00:37:53.128Z", "history_change_reason": null, "history_type": "~", "history_user": null}}, {"model": "web.historicalsubject", "pk": 10, "fields": {"id": 5, "created": "2025-03-13T15:57:24.296Z", "updated": "2025-03-13T15:57:24.296Z", "is_active": true, "name": "ffff", "creator": null, "department": 1, "semester": 8, "history_date": "2025-03-13T15:57:24.567Z", "history_change_reason": null, "history_type": "+", "history_user": null}}, {"model": "web.subject", "pk": 1, "fields": {"created": "2025-03-12T13:49:11.514Z", "updated": "2025-03-13T00:08:44.552Z", "creator": null, "is_active": true, "department": 1, "semester": 1, "name": "Test Sub-1"}}, {"model": "web.subject", "pk": 2, "fields": {"created": "2025-03-12T13:49:27.422Z", "updated": "2025-03-12T13:49:27.422Z", "creator": null, "is_active": true, "department": 1, "semester": 1, "name": "Test Sub-2"}}, {"model": "web.subject", "pk": 3, "fields": {"created": "2025-03-13T00:23:03.552Z", "updated": "2025-03-13T00:37:53.126Z", "creator": null, "is_active": false, "department": 1, "semester": 1, "name": "asas"}}, {"model": "web.subject", "pk": 4, "fields": {"created": "2025-03-13T00:23:22.858Z", "updated": "2025-03-13T00:37:47.655Z", "creator": null, "is_active": false, "department": 1, "semester": 1, "name": "asassasasssss"}}, {"model": "web.subject", "pk": 5, "fields": {"created": "2025-03-13T15:57:24.296Z", "updated": "2025-03-13T15:57:24.296Z", "creator": null, "is_active": true, "department": 1, "semester": 8, "name": "ffff"}}, {"model": "web.historicalcommend", "pk": 1, "fields": {"id": 5, "created": "2025-03-13T16:02:12.925Z", "updated": "2025-03-13T16:02:12.925Z", "is_active": true, "message": "hi", "timestamp": "2025-03-13T16:02:12.925Z", "creator": null, "subject": 5, "user": 4, "history_date": "2025-03-13T16:02:13.123Z", "history_change_reason": null, "history_type": "+", "history_user": null}}, {"model": "web.historicalcommend", "pk": 2, "fields": {"id": 6, "created": "2025-03-13T16:02:28.776Z", "updated": "2025-03-13T16:02:28.776Z", "is_active": true, "message": "hi", "timestamp": "2025-03-13T16:02:28.776Z", "creator": null, "subject": 5, "user": 3, "history_date": "2025-03-13T16:02:28.971Z", "history_change_reason": null, "history_type": "+", "history_user": null}}, {"model": "web.historicalcommend", "pk": 3, "fields": {"id": 7, "created": "2025-03-13T16:27:11.254Z", "updated": "2025-03-13T16:27:11.254Z", "is_active": true, "message": "how i download pdf", "timestamp": "2025-03-13T16:27:11.254Z", "creator": null, "subject": 5, "user": 3, "history_date": "2025-03-13T16:27:11.761Z", "history_change_reason": null, "history_type": "+", "history_user": null}}, {"model": "web.historicalcommend", "pk": 4, "fields": {"id": 8, "created": "2025-03-13T16:27:37.237Z", "updated": "2025-03-13T16:27:37.237Z", "is_active": true, "message": "download button click", "timestamp": "2025-03-13T16:27:37.238Z", "creator": null, "subject": 5, "user": 4, "history_date": "2025-03-13T16:27:37.766Z", "history_change_reason": null, "history_type": "+", "history_user": null}}, {"model": "web.commend", "pk": 1, "fields": {"created": "2025-03-12T15:50:35.158Z", "updated": "2025-03-12T15:50:35.158Z", "creator": null, "is_active": true, "subject": 1, "user": 1, "message": "aa", "timestamp": "2025-03-12T15:50:35.158Z"}}, {"model": "web.commend", "pk": 2, "fields": {"created": "2025-03-12T15:55:28.200Z", "updated": "2025-03-12T15:55:28.200Z", "creator": null, "is_active": true, "subject": 1, "user": 3, "message": "hello", "timestamp": "2025-03-12T15:55:28.200Z"}}, {"model": "web.commend", "pk": 3, "fields": {"created": "2025-03-12T15:56:00.655Z", "updated": "2025-03-12T15:56:00.655Z", "creator": null, "is_active": true, "subject": 1, "user": 3, "message": "hyyy daaaaa", "timestamp": "2025-03-12T15:56:00.655Z"}}, {"model": "web.commend", "pk": 4, "fields": {"created": "2025-03-12T16:01:35.239Z", "updated": "2025-03-12T16:01:35.239Z", "creator": null, "is_active": true, "subject": 1, "user": 1, "message": "asarpppeeeyyy", "timestamp": "2025-03-12T16:01:35.239Z"}}, {"model": "web.commend", "pk": 5, "fields": {"created": "2025-03-13T16:02:12.925Z", "updated": "2025-03-13T16:02:12.925Z", "creator": null, "is_active": true, "subject": 5, "user": 4, "message": "hi", "timestamp": "2025-03-13T16:02:12.925Z"}}, {"model": "web.commend", "pk": 6, "fields": {"created": "2025-03-13T16:02:28.776Z", "updated": "2025-03-13T16:02:28.776Z", "creator": null, "is_active": true, "subject": 5, "user": 3, "message": "hi", "timestamp": "2025-03-13T16:02:28.776Z"}}, {"model": "web.commend", "pk": 7, "fields": {"created": "2025-03-13T16:27:11.254Z", "updated": "2025-03-13T16:27:11.254Z", "creator": null, "is_active": true, "subject": 5, "user": 3, "message": "how i download pdf", "timestamp": "2025-03-13T16:27:11.254Z"}}, {"model": "web.commend", "pk": 8, "fields": {"created": "2025-03-13T16:27:37.237Z", "updated": "2025-03-13T16:27:37.237Z", "creator": null, "is_active": true, "subject": 5, "user": 4, "message": "download button click", "timestamp": "2025-03-13T16:27:37.238Z"}}, {"model": "web.historicalnote", "pk": 1, "fields": {"id": 2, "created": "2025-03-13T01:06:27.890Z", "updated": "2025-03-13T01:06:27.890Z", "is_active": true, "name": "aa", "file": "note/blank_VdB6HW8.pdf", "creator": null, "subject": 1, "history_date": "2025-03-13T01:06:27.893Z", "history_change_reason": null, "history_type": "+", "history_user": null}}, {"model": "web.historicalnote", "pk": 2, "fields": {"id": 3, "created": "2025-03-13T01:11:12.280Z", "updated": "2025-03-13T01:11:12.280Z", "is_active": true, "name": "bb", "file": "note/blank_ftRFX5T.pdf", "creator": null, "subject": 1, "history_date": "2025-03-13T01:11:12.284Z", "history_change_reason": null, "history_type": "+", "history_user": null}}, {"model": "web.historicalnote", "pk": 3, "fields": {"id": 3, "created": "2025-03-13T01:11:12.280Z", "updated": "2025-03-13T01:18:16.125Z", "is_active": true, "name": "bbcc", "file": "note/blank_ftRFX5T.pdf", "creator": null, "subject": 1, "history_date": "2025-03-13T01:18:16.134Z", "history_change_reason": null, "history_type": "~", "history_user": null}}, {"model": "web.historicalnote", "pk": 4, "fields": {"id": 3, "created": "2025-03-13T01:11:12.280Z", "updated": "2025-03-13T01:18:21.349Z", "is_active": false, "name": "bbcc", "file": "note/blank_ftRFX5T.pdf", "creator": null, "subject": 1, "history_date": "2025-03-13T01:18:21.358Z", "history_change_reason": null, "history_type": "~", "history_user": null}}, {"model": "web.historicalnote", "pk": 5, "fields": {"id": 4, "created": "2025-03-13T16:23:03.812Z", "updated": "2025-03-13T16:23:03.812Z", "is_active": true, "name": "ssss", "file": "note/2351654542.pdf", "creator": null, "subject": 5, "history_date": "2025-03-13T16:23:04.413Z", "history_change_reason": null, "history_type": "+", "history_user": null}}, {"model": "web.note", "pk": 1, "fields": {"created": "2025-03-12T14:05:09.038Z", "updated": "2025-03-12T14:05:09.038Z", "creator": null, "is_active": true, "subject": 1, "name": "Note -1", "file": "note/blank.pdf"}}, {"model": "web.note", "pk": 2, "fields": {"created": "2025-03-13T01:06:27.890Z", "updated": "2025-03-13T01:06:27.890Z", "creator": null, "is_active": true, "subject": 1, "name": "aa", "file": "note/blank_VdB6HW8.pdf"}}, {"model": "web.note", "pk": 3, "fields": {"created": "2025-03-13T01:11:12.280Z", "updated": "2025-03-13T01:18:21.349Z", "creator": null, "is_active": false, "subject": 1, "name": "bbcc", "file": "note/blank_ftRFX5T.pdf"}}, {"model": "web.note", "pk": 4, "fields": {"created": "2025-03-13T16:23:03.812Z", "updated": "2025-03-13T16:23:03.812Z", "creator": null, "is_active": true, "subject": 5, "name": "ssss", "file": "note/2351654542.pdf"}}, {"model": "accounts.user", "pk": 1, "fields": {"password": "pbkdf2_sha256$870000$CFybQUPwvk0FZUGEEL4J0n$oP7ZE/NKEAv41/g+zgwVTibyry16I1Ypyg8wsxcACrI=", "last_login": "2025-03-13T15:53:14.139Z", "is_superuser": true, "username": "admin", "first_name": "", "last_name": "", "email": "", "is_staff": true, "is_active": true, "date_joined": "2025-03-11T17:16:09.776Z", "usertype": "student", "full_name": null, "id_number": null, "register_number": null, "semester": null, "department": 1, "groups": [], "user_permissions": []}}, {"model": "accounts.user", "pk": 2, "fields": {"password": "pbkdf2_sha256$870000$N1HXOAGIvpabK0GRPmrLek$sBDleg26D3EeMbkOe4d6fTJRzrX5YcYzcKEy95I4lgM=", "last_login": "2025-03-11T17:26:41.561Z", "is_superuser": false, "username": "user", "first_name": "", "last_name": "", "email": "admin@gmail.com", "is_staff": false, "is_active": true, "date_joined": "2025-03-11T17:23:26.936Z", "usertype": "student", "full_name": null, "id_number": null, "register_number": null, "semester": null, "department": 1, "groups": [], "user_permissions": []}}, {"model": "accounts.user", "pk": 3, "fields": {"password": "pbkdf2_sha256$870000$DyrRyWpKai1MIbGd8hOm6w$TU0N38bcRH9F45+/pHmMt7eitTOJOyndGLxrbFBkius=", "last_login": "2025-03-13T16:36:34.052Z", "is_superuser": false, "username": "teacher", "first_name": "", "last_name": "", "email": "a@gmail.com", "is_staff": false, "is_active": true, "date_joined": "2025-03-12T12:35:53Z", "usertype": "faculty", "full_name": null, "id_number": null, "register_number": null, "semester": null, "department": 1, "groups": [], "user_permissions": []}}, {"model": "accounts.user", "pk": 4, "fields": {"password": "pbkdf2_sha256$870000$mdD69ED8AFUTK4rpZQ4GFc$PDjOHNBUNk7G16luqjZQNhFEG20UEiuvgMxsRnecVMk=", "last_login": "2025-03-13T16:00:49.868Z", "is_superuser": false, "username": "student", "first_name": "", "last_name": "", "email": "studet@gmail.com", "is_staff": false, "is_active": true, "date_joined": "2025-03-12T12:51:01Z", "usertype": "student", "full_name": null, "id_number": "12", "register_number": null, "semester": 5, "department": 1, "groups": [], "user_permissions": []}}, {"model": "accounts.user", "pk": 5, "fields": {"password": "shabeeb", "last_login": null, "is_superuser": false, "username": "shabeeb", "first_name": "shaeeb", "last_name": "sha", "email": "shabeebgedexo@gmail.com", "is_staff": false, "is_active": true, "date_joined": "2025-03-13T15:53:47Z", "usertype": "student", "full_name": "shabeeb", "id_number": "std12", "register_number": null, "semester": 4, "department": 6, "groups": [], "user_permissions": []}}]